{
  "reconstruction": {
    "accuracy": 0.8073410912548442,
    "f1_macro": 0.4942679823758678,
    "threshold": 0.5873136550188064
  },
  "classification": {
    "accuracy": 0.9878796943482198,
    "precision": 0.956447676608848,
    "recall": 0.9688251787699301,
    "f1_macro": 0.9776823839731656,
    "f1_binary": 0.9625966404562913,
    "roc_auc": 0.996995135546603,
    "confusion_matrix": [
      [
        311481,
        2659
      ],
      [
        1879,
        58394
      ]
    ]
  }
}