{
  "reconstruction": {
    "accuracy": 0.8084067593806838,
    "f1_macro": 0.499268082974793,
    "threshold": 0.567362904548645
  },
  "classification": {
    "accuracy": 0.9879705031609479,
    "precision": 0.9588606032681137,
    "recall": 0.9667512816684087,
    "f1_macro": 0.9778076666425115,
    "f1_binary": 0.9627897754498439,
    "roc_auc": 0.9937569779632932,
    "confusion_matrix": [
      [
        311640,
        2500
      ],
      [
        2004,
        58269
      ]
    ]
  }
}