{
  "version": "2.0.0",
  "name": "SENTINEL-OMEGA-ADv2",
  "architecture": {
    "type": "LSTM-Autoencoder",
    "input_dim": 46,
    "bottleneck_dim": 16,
    "sequence_length": 10,
    "total_parameters": 71472,
    "trainable_parameters": 71472,
    "has_classification_head": true
  },
  "training": {
    "dataset": "UNSW-NB15 + KEN-CYBER-MVP-2026",
    "total_samples": 2496142,
    "normal_samples": 1597530,
    "attack_samples": 898611,
    "attack_types": [
      "Generic",
      "Exploits",
      "Fuzzers",
      "DoS",
      "Reconnaissance",
      "Analysis",
      "Backdoor",
      "Shellcode",
      "Worms",
      "DDoS",
      "PortScan",
      "BruteForce",
      "Infiltration",
      "Botnet",
      "WebAttack",
      "Heartbleed",
      "DataExfil",
      "C2Beacon",
      "DNSTunnel"
    ],
    "best_epoch": 3,
    "best_val_loss": 0.2311273508196568,
    "best_val_accuracy": 0.9879705031609479,
    "cv_folds": 1,
    "cv_avg_val_loss": 0.2311273508196568,
    "cv_std_val_loss": 0.0
  },
  "evaluation": {
    "reconstruction": {
      "accuracy": 0.8084067593806838,
      "precision": 0.8084067593806838,
      "recall": 0.8084067593806838,
      "f1_macro": 0.499268082974793,
      "f1_binary": 0.499268082974793,
      "roc_auc": 0.9937569779632932,
      "threshold": 0.567362904548645
    },
    "classification": {
      "accuracy": 0.9879705031609479,
      "precision": 0.9588606032681137,
      "recall": 0.9667512816684087,
      "f1_macro": 0.9778076666425115,
      "f1_binary": 0.9627897754498439,
      "roc_auc": 0.9937569779632932
    },
    "ensemble": {
      "accuracy": 0.9879705031609479,
      "precision": 0.9588606032681137,
      "recall": 0.9667512816684087,
      "f1_macro": 0.9778076666425115,
      "f1_binary": 0.9627897754498439,
      "roc_auc": 0.9937569779632932
    }
  },
  "features": {
    "total": 46,
    "groups": {
      "flow": [
        0,
        1,
        2,
        3,
        4,
        5,
        6,
        7,
        8,
        9
      ],
      "protocol": [
        10,
        11,
        12,
        13,
        14,
        15,
        16,
        17
      ],
      "payload": [
        18,
        19,
        20,
        21,
        22,
        23,
        24,
        25
      ],
      "connection": [
        26,
        27,
        28,
        29,
        30,
        31,
        32,
        33
      ],
      "temporal": [
        34,
        35,
        36,
        37,
        38,
        39
      ],
      "behavioral": [
        40,
        41,
        42,
        43,
        44,
        45
      ]
    },
    "names": [
      "flow_duration",
      "total_fwd_packets",
      "total_bwd_packets",
      "total_fwd_bytes",
      "total_bwd_bytes",
      "flow_bytes_per_sec",
      "flow_packets_per_sec",
      "flow_iat_mean",
      "flow_iat_std",
      "flow_iat_max",
      "protocol_type",
      "dst_port_entropy",
      "src_port_entropy",
      "tcp_flag_syn_ratio",
      "tcp_flag_ack_ratio",
      "tcp_flag_fin_ratio",
      "tcp_flag_rst_ratio",
      "tcp_flag_psh_ratio",
      "fwd_payload_mean",
      "fwd_payload_std",
      "bwd_payload_mean",
      "bwd_payload_std",
      "payload_entropy",
      "small_packet_ratio",
      "large_packet_ratio",
      "payload_length_variance",
      "unique_src_ips",
      "unique_dst_ips",
      "src_fanout",
      "dst_fanin",
      "connection_count",
      "same_srv_rate",
      "diff_srv_rate",
      "connection_duration_var",
      "time_of_day",
      "day_of_week",
      "is_weekend",
      "burstiness_index",
      "idle_time_ratio",
      "periodic_score",
      "failed_connection_ratio",
      "dns_query_rate",
      "dns_response_ratio",
      "retransmission_rate",
      "avg_ttl",
      "ttl_variance"
    ]
  }
}